"","id","network_name","network_type","num_resources","num_consumers","num_species","nestedness","nestedness_temperature","connectance","modularity_fast_greedy","modularity_edge_betweenness","modularity_leading_eigen","num_components","path_density","first_eig","second_eig","spectral_gap","lap_first_eig","lap_second_eig","max_degree","ave_degree","dif_degree","var_degree"
"1",1,"A_HP_001","A_HP",10,18,28,0.718588664421998,16.2307931207307,0.338888888888889,0.282450954044612,0.124428916957807,0.270223058317656,1,1.6908437803956,6.16318774596787,3.04197372598576,3.12121401998211,17.4303600756943,0.633913486525063,16,4.35714285714286,15,11.2751322751323
"2",2,"A_HP_002","A_HP",18,24,42,0.420102288284106,25.5682336663693,0.222222222222222,0.290581597222222,0.178656684027778,0.294976128472222,2,1.08940565589318,7.14512764614817,3.55757561624438,3.58755202990379,16.8120808363996,0.363173798365143,14,4.57142857142857,13,12.5435540069686
"3",3,"A_HP_003","A_HP",23,9,32,0.812366169518113,10.1118905026433,0.521739130434783,0.120670438957476,0.0183470507544582,0.136745541838135,2,2.27821731999816,9.19298713788903,2.68377564966549,6.50921148822355,23.1235590756908,0.939737167974446,21,6.75,20,25.3548387096774
"4",4,"A_HP_004","A_HP",6,21,27,0.754624338624339,21.8218149518742,0.412698412698413,0.252034023668639,0.197670118343195,0.252218934911243,2,1.68848933773927,6.06921215161528,2.54254281342173,3.52666933819355,20.2542911181014,0.951650596957612,19,3.85185185185185,18,17.0541310541311
"5",5,"A_HP_005","A_HP",7,13,20,0.921115921115921,13.988486432226,0.56043956043956,0.110534409842368,0,0.12322183775471,1,2.77164504047683,6.49208034206916,2.03883851811773,4.45324182395144,15.8575918946299,0.775722579004507,13,5.1,12,11.9894736842105
"6",6,"A_HP_006","A_HP",16,37,53,0.393743618552779,23.100429869331,0.20777027027027,0.354616960803754,0.251404587216604,0.331416484896556,1,0.922337956540019,7.43169923029088,4.20568246117792,3.22601676911296,19.0934840051005,0.232048892972694,16,4.64150943396226,15,16.4651669085631
"7",7,"A_HP_007","A_HP",8,17,25,0.583028455284553,24.8978335161496,0.316176470588235,0.347485127095727,0.27230935640887,0.2355327203894,1,1.4468268388692,4.89879226816921,2.73178995782653,2.16700231034268,14.274525789631,0.509417191444081,13,3.44,12,7.25666666666667
"8",8,"A_HP_008","A_HP",8,24,32,0.423656798245614,25.6861615102859,0.192708333333333,0.472242512783053,0.466398831263696,0.445945945945946,3,0.78239299996189,4.41690103776345,2.44328319290467,1.97361784485878,17.0654421430112,0.210892011064948,16,2.3125,15,7.96370967741935
"9",9,"A_HP_009","A_HP",14,22,36,0.558126293995859,18.5932857036844,0.314935064935065,0.224625358699118,0.049367626740355,0.221383781485811,2,1.52071855806879,8.00833843386425,2.68145293596179,5.32688549790247,18.4985950897069,0.633298682437288,15,5.38888888888889,14,15.5015873015873
"10",10,"A_HP_010","A_HP",18,31,49,0.333460471567268,17.9019923345285,0.157706093189964,0.430655991735537,0.502970041322314,0.390173037190083,1,0.771244132207753,5.30403827056684,4.20475918357171,1.09927908699513,16.1322239837645,0.191870877842942,15,3.59183673469388,14,8.28826530612245
"11",11,"A_HP_011","A_HP",4,19,23,0.779298855570042,23.5719110849792,0.565789473684211,0.190373174689021,0,0.185235262303948,1,1.9126636620845,5.60362846888666,2.19777382272953,3.40585464615713,16.4151498540242,0.726896558331839,15,3.73913043478261,14,13.9288537549407
"12",12,"A_HP_012","A_HP",7,23,30,0.611443225266218,30.3016721128557,0.391304347826087,0.23015873015873,0.101914840010078,0.230410682791635,1,1.52530957419563,6.62702229640974,2.82488938865416,3.80213290775559,18.7888225487843,0.270533616399999,17,4.2,16,16.4413793103448
"13",13,"A_HP_013","A_HP",11,22,33,0.722149567604113,19.9819895588358,0.425619834710744,0.168441888962202,0.00876614195494407,0.166745216325761,1,1.99895970040267,8.37271803680093,2.78237047348548,5.59034756331545,21.8500609927202,0.644663327292661,20,6.24242424242424,19,18.0643939393939
"14",14,"A_HP_014","A_HP",11,19,30,0.630241255794353,18.4971577089352,0.325358851674641,0.267192906574395,0.132028546712803,0.270436851211073,1,1.61414821330302,6.39196727412214,2.71203882004568,3.67992845407646,15.5269086065266,0.720115442285784,13,4.53333333333333,12,11.0850574712644
"15",15,"A_HP_015","A_HP",3,7,10,1,1.05056825876406,0.571428571428571,0.208333333333333,0.111111111111111,0.208333333333333,1,2.73718882357995,3.1603196495348,1.1575016662772,2.0028179832576,8.22386109133655,0.615572652441895,7,2.4,6,3.6
"16",16,"A_HP_016","A_HP",6,21,27,0.754624338624339,21.8218149518742,0.412698412698413,0.252034023668639,0.197670118343195,0.252218934911243,2,1.68848933773927,6.06921215161528,2.54254281342173,3.52666933819355,20.2542911181014,0.951650596957612,19,3.85185185185185,18,17.0541310541311
"17",17,"A_HP_017","A_HP",5,9,14,0.983695652173913,4.97468163712064,0.422222222222222,0.263157894736842,0.256232686980609,0.261772853185596,1,2.2185130063425,3.76902045684319,1.61426791347039,2.1547525433728,10.2796745763172,0.564551386144795,9,2.71428571428571,8,5.14285714285714
"18",18,"A_HP_018","A_HP",15,21,36,0.63767287386335,27.7686914537828,0.403174603174603,0.195827391654783,0.0441440882881766,0.153543307086614,1,2.00178175439123,9.07160891409203,3.22634855647305,5.84526035761898,20.1273143673242,0.558603705984057,15,7.05555555555556,14,15.768253968254
"19",19,"A_HP_019","A_HP",9,18,27,0.556437389770723,15.8155368683539,0.222222222222222,0.404320987654321,0.404320987654321,0.350308641975309,1,1.08185876895837,4.50575527717457,2.20165618982035,2.30409908735422,15.1509629547981,0.132272642941792,14,2.66666666666667,13,7.53846153846154
"20",20,"A_HP_020","A_HP",16,17,33,0.667865879779942,18.348702725541,0.386029411764706,0.176507936507937,0.0429024943310657,0.182675736961451,2,1.98409628725435,8.53357891667101,3.16734384783281,5.36623506883821,18.9047400939296,0.838852808570141,14,6.36363636363636,13,15.6761363636364
"21",21,"A_HP_021","A_HP",9,15,24,0.751367781155015,18.1013064447669,0.422222222222222,0.16943674976916,0.0627885503231764,0.181902123730379,1,2.1179689688275,6.27202687763885,2.50124321097713,3.77078366666172,15.8601394832339,0.785677669635219,14,4.75,13,10.5434782608696
"22",22,"A_HP_022","A_HP",16,18,34,0.370082562939706,33.6425013810481,0.236111111111111,0.312824394463668,0.207612456747405,0.279519896193772,1,1.12239092860275,5.98553091621205,2.85797632761329,3.12755458859876,14.2116066461821,0.437024808455377,12,4,11,7.45454545454545
"23",23,"A_HP_023","A_HP",9,8,17,0.6234375,56.7995824812605,0.569444444444444,0.167757287328971,0.11600237953599,0.183224271267103,1,2.86631962775368,5.11963911841169,2.46360786700181,2.65603125140988,10.6776687456419,1.64775275060211,7,4.82352941176471,4,1.40441176470588
"24",24,"A_HP_024","A_HP",7,20,27,0.639962328350954,20.1045165784617,0.278571428571429,0.348783694937541,0.361932938856016,0.316239316239316,2,1.24248925071295,4.98249424833388,2.3879399709945,2.59455427733938,14.8106771054064,0.489468699226156,13,2.88888888888889,12,10.3333333333333
"25",25,"A_HP_025","A_HP",18,40,58,0.285206307993333,21.6777783541141,0.148611111111111,0.405974320901389,0.274347104550616,0.367412001048126,4,0.625771761743361,6.67358656539853,3.26333592039659,3.41025064500194,19.0760912635096,0.193876822745935,17,3.68965517241379,16,12.4633998790079
"26",26,"A_HP_026","A_HP",15,18,33,0.902205567903242,6.46479076519987,0.525925925925926,0.0928139258083714,0,0.132215830192422,1,2.71001133615488,10.4979139547878,3.23858252188738,7.25933143290041,22.9879435342992,0.87109701007155,17,8.60606060606061,16,20.4337121212121
"27",27,"A_HP_027","A_HP",17,30,47,0.418637589303088,23.7923925725782,0.211764705882353,0.289909122085048,0.204561042524005,0.280606995884774,3,0.999374110832433,7.91774358732979,3.42188163484105,4.49586195248874,22.5385588657075,0.3159506518624,21,4.59574468085106,20,18.0721554116559
"28",28,"A_HP_028","A_HP",4,15,19,0.538288288288288,37.2889451929068,0.316666666666667,0.452908587257618,0.452908587257618,0.452908587257618,2,1.1526853022754,3.4922990167949,1.73205080756888,1.76024820922602,12.044668865715,0.224603877068939,11,2,10,5.33333333333333
"29",29,"A_HP_029","A_HP",15,34,49,0.271341796341796,22.6009965272149,0.154901960784314,0.481893927255247,0.421887518025957,0.426454093895209,1,0.63030104480796,5.20994927435387,3.50414578210238,1.70580349225149,13.8301387777352,0.156788148103451,12,3.22448979591837,11,7.38605442176871
"30",30,"A_HP_030","A_HP",14,15,29,0.477368804664723,16.8394014040624,0.242857142857143,0.297001153402537,0.257016532103037,0.301422529796232,2,1.19930619279884,5.49206761660425,2.44479031026396,3.0472773063403,12.8025361285,0.177535019209984,10,3.51724137931034,9,7.25862068965517
"31",31,"A_HP_031","A_HP",25,31,56,0.399881651092724,24.2188216942266,0.224516129032258,0.251932223543401,0.120706169903554,0.226070154577883,3,1.08795041097424,9.70908976823939,3.45077395131226,6.25831581692712,22.65928036104,0.555933253374719,18,6.21428571428571,17,21.3714285714286
"32",32,"A_HP_032","A_HP",14,13,27,0.192800788954635,38.9262176708378,0.175824175824176,0.50146484375,0.51318359375,0.50146484375,4,0.688436902127688,3.9049827931898,2.04930223525832,1.85568055793148,8.93334540702353,0.151759224232607,7,2.37037037037037,6,2.3960113960114
"33",33,"A_HP_033","A_HP",22,25,47,0.721573972720533,14.9072182125452,0.36,0.15456330986634,0.0302520151004998,0.140495867768595,1,1.85388174505881,11.8757594437414,3.42210659658565,8.45365284715575,27.0537036947958,0.502798464865447,22,8.42553191489362,21,34.5106382978723
"34",34,"A_HP_034","A_HP",9,8,17,0.826934523809524,10.4613563219994,0.486111111111111,0.158775510204082,0.0506122448979591,0.133877551020408,1,2.51079736341921,5.2094867324103,1.58036100578016,3.62912572663014,11.2927759649241,0.582230995661401,8,4.11764705882353,7,5.36029411764706
"35",35,"A_HP_035","A_HP",6,7,13,0.657407407407407,18.9023885306971,0.357142857142857,0.335555555555556,0.317777777777778,0.331111111111111,1,1.91639228945367,2.94893947017602,1.95443686311025,0.994502607065773,6.96378884045639,0.325728722478343,5,2.30769230769231,4,2.23076923076923
"36",36,"A_HP_036","A_HP",8,13,21,0.414195867026056,26.9975747464484,0.288461538461538,0.411666666666667,0.341666666666667,0.411666666666667,1,1.23443327704203,3.96060515083101,2.34132230762111,1.6192828432099,9.13962722973459,0.120241687325797,7,2.85714285714286,6,3.12857142857143
"37",37,"A_HP_037","A_HP",17,21,38,0.579698584973152,15.5009824710317,0.252100840336134,0.303703703703704,0.240802469135802,0.284938271604938,1,1.31908258719906,7.13697783715717,3.15630701566892,3.98067082148825,17.4868257088679,0.61197502725359,14,4.73684210526316,13,13.9829302987198
"38",38,"A_HP_038","A_HP",10,20,30,0.352619047619048,32.1859313961872,0.26,0.368528106508876,0.335613905325444,0.304548816568047,2,1.06640986684029,5.34088661910596,2.85544447179422,2.48544214731174,11.7647856421314,0.305315388621418,9,3.46666666666667,8,6.11954022988506
"39",39,"A_HP_039","A_HP",6,11,17,0.72578231292517,20.8478928674875,0.439393939393939,0.24256837098692,0.244351961950059,0.233650416171225,1,2.1491999528826,4.33808560080021,2.10547709458251,2.2326085062177,10.0012765179658,0.637585140213627,8,3.41176470588235,7,4.50735294117647
"40",40,"A_HP_040","A_HP",8,18,26,0.596685082872928,17.6079379222717,0.194444444444444,0.445790816326531,0.397959183673469,0.219387755102041,3,0.948621142542365,4.17267209253049,1.92210468290329,2.2505674096272,16.0555513111249,0.297026221216579,15,2.15384615384615,14,7.81538461538462
"41",41,"A_HP_041","A_HP",11,10,21,0.838531746031746,13.61846504985,0.454545454545455,0.195,0,0.1704,1,2.38444295614266,6.01566708522153,2.29424252335709,3.72142456186444,13.417812801523,0.874614199051994,10,4.76190476190476,9,7.59047619047619
"42",42,"A_HP_042","A_HP",21,32,53,0.244670603240008,16.328621000847,0.125,0.452806122448979,0.447916666666667,0.456065759637188,4,0.560233157271354,5.541466470742,3.39360103341938,2.14786543732262,14.6951919910748,0.32867465537797,13,3.16981132075472,12,7.52830188679245
"43",43,"A_HP_043","A_HP",9,29,38,0.559495528980823,19.8920095858305,0.279693486590038,0.282792268718334,0.161287295927941,0.263088759617189,2,1.12346360279034,6.69736293830147,2.81493639433058,3.88242654397089,18.9072590180435,0.437294791429167,17,3.84210526315789,16,16.8392603129445
"44",44,"A_HP_044","A_HP",27,26,53,0.665072118366802,16.3912433924527,0.280626780626781,0.200404545337422,0.0223530624339716,0.159615037748976,1,1.48836103040733,11.2745875783971,3.57810595887998,7.69648161951716,29.1394684599439,0.38387589774075,27,7.43396226415094,26,35.7119013062409
"45",45,"A_HP_045","A_HP",7,16,23,0.803371096988118,16.5977024298629,0.508928571428571,0.164358264081256,0.04093567251462,0.153124038165589,1,2.31898619041005,6.55518600440224,2.16579544223165,4.38939056217059,16.8008377866782,0.757147712535557,15,4.95652173913043,14,12.3162055335968
"46",46,"A_HP_046","A_HP",17,39,56,0.48287683374376,24.5522223373949,0.304675716440422,0.233408489363788,0.112550240172532,0.192346338594255,1,1.27230078318618,11.5242839351951,4.07307292743054,7.45121100776452,27.5689084912141,0.194057010625464,24,7.21428571428571,23,35.8805194805195
"47",47,"A_HP_047","A_HP",11,26,37,0.473228438228438,27.2181971581131,0.34965034965035,0.23655,0.0941,0.17845,2,1.45909497250294,8.03788646469242,3.00028268310284,5.03760378158958,18.1895705227887,0.625490727533314,15,5.40540540540541,14,15.6921921921922
"48",48,"A_HP_048","A_HP",12,14,26,0.860944681645319,12.998933749262,0.422619047619048,0.19480261852807,0.180222178139258,0.2231700059512,1,2.24463715621353,7.18971601176246,2.83516609649903,4.35454991526344,16.9128951990227,0.84710242038644,13,5.46153846153846,12,13.4584615384615
"49",49,"A_HP_049","A_HP",5,19,24,0.641436464088398,25.3468467185906,0.410526315789474,0.324457593688363,0.241288625904011,0.309335963182117,1,1.56000987844891,4.96922807545323,2.49441486520236,2.47481321025087,16.1942631570059,0.534975009462819,15,3.25,14,10.4565217391304
"50",50,"A_HP_050","A_HP",27,35,62,0.415793899037056,20.8938155297345,0.239153439153439,0.236226407706163,0.143071109718851,0.209707103140418,2,1.11631605118024,12.1420615530218,3.61143575846757,8.53062579455424,27.4435137466357,0.131360632979431,23,7.29032258064516,22,33.3569539925965
"51",51,"A_HP_051","A_HP",13,26,39,0.716792705502383,9.98165933746715,0.316568047337278,0.204035286924622,0.0286051183509477,0.199100358109879,1,1.49942398822459,8.54120561175355,3.02420561570369,5.51699999604986,22.7497754089879,0.572285966191711,21,5.48717948717949,20,22.2564102564103
"52",65,"M_PL_001","M_PL",84,101,185,0.158031377206049,2.82619890655223,0.0425506836397926,0.514422080861872,0.508632530444057,0.460781455022598,4,0.215557883721187,8.81904801147881,5.85164491068991,2.9674031007889,35.3408087041654,0.272138848659493,34,3.9027027027027,33,22.1752643948296
"53",66,"M_PL_002","M_PL",43,64,107,0.166638731258464,7.44728579460349,0.0712209302325581,0.519262807163682,0.492112661391087,0.483092982090795,2,0.33299495983001,6.51890651008106,4.50974097488533,2.00916553519573,18.2175798140173,0.202404535905515,16,3.66355140186916,15,11.1687533062952
"54",67,"M_PL_003","M_PL",36,25,61,0.256293309438471,5.41538205049411,0.09,0.578189300411523,0.578341716201799,0.544429202865417,1,0.46310661088963,4.36736110666491,3.70140822545787,0.665952881207039,16.0842735197273,0.167400886163981,15,2.65573770491803,14,6.72950819672131
"55",68,"M_PL_004","M_PL",12,102,114,0.480810107030382,10.2710547923498,0.136437908496732,0.477338735702248,0.466689375739539,0.391839076338341,2,0.408766238142729,8.70161526849134,5.58794145387982,3.11367381461152,66.0139167479746,0.381012891618394,65,2.92982456140351,64,47.8711380220463
"56",69,"M_PL_005","M_PL",96,275,371,0.160945260313686,1.7220991257674,0.0349621212121212,0.406832611637824,0.368406287378408,0.364050877479226,6,0.146741538105139,15.7423655691958,7.07483017340594,8.66753539578985,63.3667515801385,0.138340068741815,62,4.97574123989218,61,69.9102207328622
"57",70,"M_PL_006","M_PL",17,61,78,0.654188263979719,5.69182341552399,0.140790742526519,0.380254269093638,0.373428410583599,0.371317320322762,1,0.668960053751621,8.56535598918433,4.45950621739266,4.10584977179167,50.0489579488411,0.270715546112063,49,3.74358974358974,48,40.6087246087246
"58",71,"M_PL_007","M_PL",16,36,52,0.427939105339105,9.69199079276008,0.147569444444444,0.416401384083045,0.388373702422145,0.345882352941176,2,0.7041488059249,6.11771929873753,3.16168093287368,2.95603836586385,22.1814769037916,0.373215324256852,21,3.26923076923077,20,14.1613876319759
"59",72,"M_PL_008","M_PL",11,38,49,0.397898081836077,32.0891378520827,0.253588516746411,0.342871128515486,0.081746173015308,0.315859736561054,1,0.962631120833814,6.63707571638493,3.59377060233155,3.04330511405338,19.378832995467,0.654200686310625,18,4.3265306122449,17,15.0578231292517
"60",73,"M_PL_009","M_PL",24,118,142,0.191690904705948,10.2056878119306,0.0854519774011299,0.490113380233591,0.477127586913462,0.442481729390069,1,0.261894727401274,7.91211958092978,5.05564707678304,2.85647250414674,29.2405274922815,0.224408088752031,28,3.40845070422535,27,22.8390770152832
"61",74,"M_PL_010","M_PL",31,76,107,0.363711912701626,24.987847142347,0.193548387096774,0.232504232071407,0.0144948445675592,0.195375019236688,1,0.816618149560754,14.0162089289975,5.46366386118073,8.55254506781679,35.2766060421965,0.800826199855369,32,8.52336448598131,31,52.9876564979721
"62",75,"M_PL_011","M_PL",14,13,27,0.60207100591716,15.3846230985772,0.285714285714286,0.286612426035503,0.282174556213018,0.297707100591716,1,1.51286759925655,5.32702921661791,2.4748770544856,2.85215216213231,13.8718486331509,0.606260623447004,12,3.85185185185185,11,7.51566951566952
"63",76,"M_PL_012","M_PL",29,55,84,0.348486752500224,4.50983632217102,0.0909090909090909,0.443733650416171,0.438858501783591,0.419120095124851,1,0.464574064761792,7.5067507845219,3.99272251556893,3.51402826895297,25.3715420006351,0.198783197589502,24,3.45238095238095,23,19.7205966724039
"64",77,"M_PL_013","M_PL",9,56,65,0.469609736709991,19.1014072497074,0.204365079365079,0.428928268451315,0.388490903949477,0.320482609105476,1,0.621067036942208,7.04064027625253,3.88291910838754,3.157721167865,36.051143119024,0.301619760592548,35,3.16923076923077,34,24.9552884615385
"65",78,"M_PL_014","M_PL",29,81,110,0.318354571364719,4.54032211834184,0.0762026394210302,0.487750070222527,0.452170656346556,0.456462033020193,2,0.342212481313138,7.79118719919175,4.75489897779913,3.03628822139262,41.0651970903952,0.307529137069752,40,3.25454545454545,39,26.4483736447039
"66",79,"M_PL_015","M_PL",131,666,797,0.0977556326680023,3.1826264648579,0.0336175870527016,0.405583663053798,0.333596822966004,0.362688170830558,2,0.103436083078895,21.1080790791183,14.0752012447097,7.03287783440856,125.109486474722,0.379713941181018,124,7.36010037641154,123,138.258355768806
"67",80,"M_PL_016","M_PL",26,179,205,0.293162942695248,7.27785314396132,0.0885259991405243,0.461380078235461,0.453907060043359,0.37306473277406,1,0.262251649564968,11.0131664129535,7.38242829529456,3.63073811765896,87.0249102334636,0.384250750680686,86,4.01951219512195,85,58.5682448589192
"68",81,"M_PL_017","M_PL",25,79,104,0.463131934369405,8.56120699253363,0.151392405063291,0.305276227335265,0.142722117202268,0.280153465844901,1,0.648494131904886,11.4516712660802,5.18529504719351,6.26637621888673,47.1809156619896,0.726667311730343,46,5.75,45,51.3932038834951
"69",82,"M_PL_018","M_PL",39,105,144,0.209641902914336,11.7931122335551,0.0935286935286935,0.36928126853411,0.233957556462993,0.325610645651685,1,0.386767831136276,10.3305333083269,5.28332591305647,5.04720739527046,32.5860218011485,0.444035592139775,31,5.31944444444444,30,31.0021367521368
"70",83,"M_PL_019","M_PL",40,85,125,0.209611705512341,6.74846210435974,0.0776470588235294,0.41302944214876,0.384204258494031,0.380559859963269,2,0.348174462516912,8.69932478627563,5.11106812731845,3.58825665895718,26.7717325614238,0.263271774856801,25,4.224,24,21.7558709677419
"71",84,"M_PL_020","M_PL",20,91,111,0.477707468640957,5.37641888956365,0.104395604395604,0.455526315789474,0.438379501385042,0.432160664819945,2,0.440427795427597,8.95282773998882,5.67073629257861,3.2820914474102,61.0306011628609,0.245494461432165,60,3.42342342342342,59,44.2463554463554
"72",85,"M_PL_021","M_PL",91,677,768,0.125189491011664,0.686190522828196,0.0193646825847712,0.616820036409652,0.620886085287957,0.569273893745929,2,0.049981658543409,14.4764449354312,10.6155225278047,3.86092240762643,189.006251263713,0.199434727328567,188,3.10677083333333,187,84.8021444480661
"73",86,"M_PL_022","M_PL",21,45,66,0.269652777777778,6.57764226135699,0.0878306878306878,0.621715778777762,0.616635215561039,0.543475105240238,1,0.344316069976215,4.86320669160311,3.85518519878328,1.00802149281983,22.03455419914,0.0840655599234354,21,2.51515151515152,20,9.05361305361305
"74",87,"M_PL_023","M_PL",23,72,95,0.326447843126376,4.81230190462102,0.0754830917874396,0.573024,0.574592,0.559584,3,0.335129285921734,6.73768911988336,4.60314334812995,2.13454577175341,35.0599736271151,0.0829721972055158,34,2.63157894736842,33,20.511758118701
"75",88,"M_PL_024","M_PL",11,18,29,0.349839743589744,22.0785746787839,0.191919191919192,0.461218836565097,0.461218836565097,0.461218836565097,3,0.865539900355301,4.32424266310638,2.05102459672698,2.27321806637939,10.8339280243584,0.507730612142858,9,2.62068965517241,8,4.60098522167488
"76",89,"M_PL_025","M_PL",13,44,57,0.561535063244048,18.4352181571714,0.25,0.282581055308328,0.105481930656756,0.240574111203482,1,1.00079982217021,8.81428115113984,3.75799672044196,5.05628443069787,31.279007626503,0.465259510523964,30,5.01754385964912,29,31.3389724310777
"77",90,"M_PL_026","M_PL",105,54,159,0.509350318492678,0.711249694819824,0.035978835978836,0.573000768935025,0.56807477893118,0.498510188389081,4,0.240771189886759,9.16942630895117,5.36925204907926,3.80017425987191,81.013550100077,0.216515667122094,80,2.56603773584906,79,45.1459278719847
"78",91,"M_PL_027","M_PL",18,60,78,0.16747725753186,20.2707996209853,0.111111111111111,0.543993055555556,0.559340277777778,0.549479166666667,2,0.374996588149247,5.22996112436902,4.063383551192,1.16657757317702,13.6124368923048,0.232141132351347,12,3.07692307692308,11,8.2017982017982
"79",92,"M_PL_028","M_PL",41,139,180,0.19065907484811,5.2607978991286,0.0656255483418143,0.451303297206097,0.433809231033201,0.424043438474077,1,0.240366608389758,9.39553991020736,5.83949680555494,3.55604310465243,44.1035732290324,0.173696892473911,43,4.15555555555556,42,29.7857231533209
"80",93,"M_PL_029","M_PL",49,118,167,0.20888591481523,4.68314994154809,0.0598408855067451,0.469051755822112,0.449000133649637,0.411636706872933,1,0.2666529137136,9.11061314659551,6.12693949208637,2.98367365450914,44.1162476806151,0.287343679191951,43,4.1437125748503,42,27.8948849289373
"81",94,"M_PL_030","M_PL",28,53,81,0.130018168998807,14.8386652535125,0.0734501347708895,0.573099907415201,0.578360407373117,0.520999915832001,5,0.278185099742545,4.77852267585089,3.17198076387629,1.60654191197459,17.1826212070447,0.171713814289309,16,2.69135802469136,15,5.34104938271605
"82",95,"M_PL_031","M_PL",48,49,97,0.137555220628137,8.52660294423711,0.0663265306122449,0.577313445101907,0.581607495069034,0.559233234714004,3,0.239013614916214,6.48471888305249,4.3069406447334,2.1777782383191,18.5755387384541,0.134652449734675,17,3.21649484536082,16,8.44222508591065
"83",96,"M_PL_032","M_PL",7,33,40,0.710192084782249,15.5124468271345,0.281385281385281,0.329349112426035,0.0794082840236685,0.297988165680473,1,1.05888310175316,6.41060407058195,3.16401520418493,3.24658886639702,24.1898922584783,0.556494932515371,23,3.25,22,21.8846153846154
"84",97,"M_PL_033","M_PL",13,34,47,0.457693134981867,32.3781185960302,0.319004524886878,0.246692822292641,0.0522861023087369,0.217795885518837,1,1.31669722683746,8.60138057013646,3.79240813655436,4.80897243358211,20.673192170418,0.196789366734538,18,6,17,20.0869565217391
"85",98,"M_PL_034","M_PL",26,128,154,0.305573908562308,5.15418852771277,0.09375,0.431546885272847,0.426420734714004,0.38328505095332,2,0.331853747259011,10.2810660505006,6.06352158190376,4.21754446859682,48.0890696003471,0.363444534779733,47,4.05194805194805,46,45.8142772260419
"86",99,"M_PL_035","M_PL",61,36,97,0.292065842765835,6.05656362985008,0.0810564663023679,0.481141901275092,0.464303749526575,0.427865799772756,1,0.403092394281213,7.28083467073897,4.88259017035853,2.39824450038043,32.1119121451064,0.0677841491150401,31,3.6701030927835,30,18.6400343642612
"87",100,"M_PL_036","M_PL",10,12,22,0.413663663663664,26.7380021792992,0.25,0.419444444444444,0.402777777777778,0.393888888888889,1,1.29227764096024,3.68462516882313,2.46840331137778,1.21622185744535,9.58266964374709,0.328792265070904,8,2.72727272727273,7,3.06493506493507
"88",101,"M_PL_037","M_PL",10,40,50,0.286649831649832,31.4112510637957,0.18,0.49266975308642,0.459297839506173,0.473186728395062,1,0.612302774528885,5.16154071956078,3.09489378491532,2.06664693464546,18.1575436070376,0.189968467900217,17,2.88,16,9.33224489795918
"89",102,"M_PL_038","M_PL",8,42,50,0.35495082345476,33.5494548646392,0.235119047619048,0.408107675052075,0.420525556801795,0.410751482134273,1,0.680528596438676,5.68927564811549,3.64635860443155,2.04291704368395,18.3022973172651,0.351119107546157,17,3.16,16,13.4432653061224
"90",103,"M_PL_039","M_PL",17,51,68,0.292911270161447,17.7963494498137,0.14878892733564,0.448290367165435,0.448440598521723,0.432636259840154,1,0.591505072423666,6.92290963451981,4.59840568784133,2.32450394667848,18.9385363743768,0.164916012842616,17,3.79411764705882,16,15.0614574187884
"91",104,"M_PL_040","M_PL",29,43,72,0.238608170540944,6.83807775782218,0.0914194065757819,0.540127731609726,0.544321329639889,0.464104339796861,2,0.409529338314541,5.45167786221133,4.34510445037029,1.10657341184105,19.1697267975989,0.195667110474738,18,3.16666666666667,17,9.35211267605634
"92",105,"M_PL_041","M_PL",31,43,74,0.293803889417925,10.5058546361982,0.108777194298575,0.401355529131986,0.387609988109394,0.356004756242568,3,0.538291619528282,7.48987021713878,3.89253255022501,3.59733766691377,24.3952891930534,0.3229019282814,23,3.91891891891892,22,16.020733061829
"93",106,"M_PL_042","M_PL",12,6,18,0.757201646090535,14.5265253646834,0.347222222222222,0.3312,0.1984,0.3312,2,1.68363826769676,4.33099457926041,1.75388885488579,2.57710572437461,12.2438974926645,0.483379175192665,11,2.77777777777778,10,6.65359477124183
"94",107,"M_PL_043","M_PL",28,82,110,0.241296884958924,11.9464728619713,0.108885017421603,0.397888,0.391656,0.347928,1,0.440832053014422,8.63971466423139,4.51301073296747,4.12670393126392,32.2299522810378,0.435628172404677,31,4.54545454545455,30,23.7180984153461
"95",108,"M_PL_044","M_PL",110,609,719,0.0680546795731585,1.11679950991207,0.0167935512763099,0.615938765432099,0.610346666666667,0.464129975308642,4,0.0454011143025562,11.5210836034889,8.58368322483779,2.93740037865108,102.024022196942,0.10978120442579,101,3.12934631432545,100,43.5333855052475
"96",109,"M_PL_045","M_PL",17,26,43,0.373065798987708,11.0162210867518,0.142533936651584,0.453640715545477,0.451877047115142,0.381960191484001,2,0.709769797118659,5.0685238576397,3.08145695532642,1.98706690231328,15.3850422330014,0.300131539726918,14,2.93023255813953,13,7.97120708748616
"97",110,"M_PL_046","M_PL",16,44,60,0.66061330209038,21.0259661872659,0.394886363636364,0.189088297707158,0.0024067077273433,0.179933750841054,1,1.65270485274237,13.38266204132,5.01959682635023,8.36306521496974,33.1590777476825,0.899000356227115,30,9.26666666666667,29,52.3683615819209
"98",111,"M_PL_047","M_PL",19,186,205,0.371361142144767,7.62837600161712,0.120260328239955,0.408960553633218,0.404628373702422,0.375294117647059,1,0.303139160118512,12.5333048551174,7.90997421636442,4.62333063875298,76.0484012674974,0.477705941594316,75,4.14634146341463,74,83.9588713534194
"99",112,"M_PL_048","M_PL",30,236,266,0.300493835589356,6.02776821865873,0.094774011299435,0.375870922461527,0.342325554536348,0.313186715559001,1,0.254747250628473,15.2577611862556,7.90519462110453,7.35256656515111,76.3126573914821,0.510682388200701,75,5.04511278195489,74,104.194183572138
"100",113,"M_PL_049","M_PL",37,225,262,0.223466466616349,5.11053750013424,0.0708708708708709,0.419504452743465,0.378345303073829,0.358863832232117,1,0.212954604238074,12.5699229046241,8.31042544182406,4.25949746280009,81.039903895158,0.293442695147559,80,4.50381679389313,79,63.3773800122839
"101",114,"M_PL_050","M_PL",14,35,49,0.397377986445042,12.0682117823761,0.175510204081633,0.425500270416441,0.409613304488913,0.38939967550027,1,0.791554336633164,5.84485265859828,4.09286324873999,1.75198940985829,18.2269795790006,0.375224173729672,17,3.51020408163265,16,11.7134353741497
"102",115,"M_PL_051","M_PL",14,90,104,0.42076878109593,10.6783082734128,0.13015873015873,0.48533239143367,0.475962968471148,0.432889649018442,1,0.414556259684438,8.18352585038867,5.33705376263045,2.84647208775822,52.0314588178709,0.28533227883244,51,3.15384615384615,50,36.6751306945482
"103",116,"M_PL_052","M_PL",15,39,54,0.350988311006041,18.5807164336379,0.157264957264957,0.378721644612476,0.392426748582231,0.378780718336484,2,0.689841805589482,6.12045420469812,3.02804509273905,3.09240911195907,21.234757368488,0.506459746976718,20,3.40740740740741,19,12.5478686233403
"104",117,"M_PL_053","M_PL",99,294,393,0.0676763919741553,1.31698262453767,0.0202363773792345,0.658714808270471,0.629869624496643,0.590905422271929,8,0.0725796489227099,7.65680279287553,6.69429094142347,0.962511851452057,44.0176977681497,0.114124288495224,43,2.99745547073791,42,18.8698914680376
"105",118,"M_PL_054","M_PL",113,318,431,0.107030322477633,1.15002162631773,0.0215116602660433,0.541474137656917,0.52288006105143,0.524479983398295,8,0.0920413199414802,10.8781128903978,7.75437762986544,3.12373526053232,69.0615610194493,0.107275054427413,68,3.58700696055684,67,37.4429935790212
"106",119,"M_PL_055","M_PL",64,195,259,0.107089853099847,2.88098436437935,0.0345352564102564,0.54142957886747,0.543171063893928,0.508263306076087,3,0.129117261134296,8.46610844546721,5.89558683972307,2.57052160574414,41.1061671578353,0.146137255592442,40,3.32818532818533,39,21.8414893298614
"107",120,"M_PL_056","M_PL",91,365,456,0.0908026469707602,1.66356424432066,0.0262230919765166,0.527986228005078,0.514442931505152,0.414106935955215,1,0.0876868877479845,10.8902406548736,8.0368133700443,2.85342728482928,65.0446355087843,0.133223913891228,64,3.82017543859649,63,37.3961634856372
"108",121,"M_PL_057","M_PL",114,883,997,0.0910607660891954,0.787320523144871,0.0190737318948561,0.533241102430555,0.517481146918403,0.461722005208333,1,0.051999401202496,17.4778950905382,10.8360043341458,6.64189075639237,120.051566544717,0.143863898966098,119,3.85155466399198,118,99.3052510946494
"109",122,"M_PL_058","M_PL",32,81,113,0.295566379424728,10.1304030156377,0.123070987654321,0.310713338115781,0.0778392507935259,0.317764172914967,2,0.523217404431194,11.1549641912703,5.27346765130023,5.88149653997012,30.1601806051673,0.6033757961728,28,5.64601769911504,27,36.4092920353982
"110",123,"M_PL_059","M_PL",13,13,26,0.934673890923891,7.29381351407274,0.420118343195266,0.174866097996429,0,0.201844872049197,1,2.25678232711713,7.28974211830104,2.69591108535244,4.59383103294859,16.9801711327378,0.785463047247771,13,5.46153846153846,12,14.0984615384615
"111",124,"M_PL_060_01","M_PL",11,39,50,0.377563321658799,25.2999220897012,0.221445221445221,0.330637119113573,0.247036011080332,0.324432132963989,1,0.805736136905621,6.76412167833272,3.16974691213152,3.5943747662012,16.8475919540384,0.374656228499941,14,3.8,13,14.4081632653061
"112",125,"M_PL_060_02","M_PL",12,38,50,0.456170285429063,19.6024977460842,0.234649122807018,0.324569831426326,0.0362040352869247,0.314263254432702,1,0.935798972010704,7.35122870074948,3.47342877160651,3.87779992914297,21.4417609038812,0.343315383521705,20,4.28,19,18.3689795918367
"113",126,"M_PL_060_03","M_PL",13,45,58,0.417126206117449,18.3646603148294,0.222222222222222,0.332662721893491,0.202721893491124,0.302455621301775,1,0.83378499167405,8.05093397905586,3.64599278223127,4.40494119682459,21.2385388140208,0.484494261346252,19,4.48275862068965,18,21.6575922565033
"114",127,"M_PL_060_04","M_PL",21,46,67,0.284272964875375,16.3087741254436,0.13871635610766,0.379984406326576,0.352723323680107,0.347042771218534,1,0.61436968475049,6.94158182695008,3.81513508109499,3.12644674585508,18.2859784167648,0.486905585638667,16,4,15,13.4848484848485
"115",128,"M_PL_060_05","M_PL",33,54,87,0.193933077585451,8.7952007687553,0.0808080808080808,0.479480131172839,0.438826195987654,0.448447145061728,2,0.373417704714675,6.40739323803083,3.73465912702881,2.67273411100203,19.1202164199606,0.189271521297283,17,3.31034482758621,16,10.7281475541299
"116",129,"M_PL_060_06","M_PL",26,45,71,0.197937715009958,7.46897348262204,0.0820512820512821,0.55517578125,0.552137586805556,0.534884982638889,2,0.370574480107074,4.9846135337753,3.60656763298207,1.37804590079322,16.219614702668,0.229214618600412,15,2.70422535211268,14,6.98269617706237
"117",130,"M_PL_060_07","M_PL",29,39,68,0.282063976418815,7.62542239250571,0.0954907161803713,0.457776063100137,0.410579561042524,0.403549382716049,1,0.487169254408806,6.06911605152738,3.82931509645392,2.23980095507346,21.3610563484003,0.270984907573739,20,3.17647058823529,19,11.9086918349429
"118",131,"M_PL_060_08","M_PL",19,28,47,0.2960686095932,13.8476670176174,0.135338345864662,0.502025462962963,0.492283950617284,0.456404320987654,1,0.640003810650816,5.01104899197638,3.60397184866112,1.40707714331526,12.3896753045189,0.208734050309112,11,3.06382978723404,10,6.84366327474561
"119",132,"M_PL_060_09","M_PL",18,40,58,0.236082730536107,11.2173726795042,0.108333333333333,0.520381328073636,0.52999671268902,0.511998685075608,2,0.470349445303858,4.98869088400458,3.40042687603123,1.58826400797335,14.3619707761697,0.107296329912387,13,2.68965517241379,12,7.51603145795523
"120",133,"M_PL_060_10","M_PL",14,25,39,0.28103357284943,16.3136307156779,0.145714285714286,0.508073817762399,0.492310649750096,0.499615532487505,3,0.662750002345379,4.21099433973507,3.17390235730266,1.03709198243241,11.4541787830573,0.251938836558806,10,2.61538461538462,9,4.92712550607287
"121",134,"M_PL_060_11","M_PL",14,20,34,0.310913404507711,15.0453134270427,0.153571428571429,0.543266630611141,0.49972958355868,0.509194159004868,1,0.715930168219192,3.76269479847454,2.78321160717957,0.979483191294965,11.2399824064886,0.180717860554232,10,2.52941176470588,9,3.83244206773619
"122",135,"M_PL_060_12","M_PL",11,26,37,0.331513157894737,25.5266063477427,0.20979020979021,0.380694444444445,0.339583333333333,0.38125,2,0.870829524481596,5.19803311171462,2.9721245210842,2.22590859063042,12.1088248476279,0.359619271595963,9,3.24324324324324,8,6.96696696696697
"123",136,"M_PL_060_13","M_PL",7,31,38,0.470501309390198,24.2999656972773,0.221198156682028,0.447482638888889,0.442708333333333,0.398871527777778,2,0.802837271701957,4.8560525484911,3.1105075443014,1.7455450041897,20.0553979084361,0.34009229438153,19,2.52631578947368,18,11.6614509246088
"124",137,"M_PL_060_14","M_PL",11,37,48,0.438158524323573,21.6368543134454,0.243243243243243,0.307519640852974,0.148199163350679,0.291653912866034,1,0.929716901031807,7.0544041925378,3.92227476896247,3.13212942357532,18.175825822154,0.499227378843216,16,4.125,15,16.7074468085106
"125",138,"M_PL_060_15","M_PL",14,37,51,0.44212858915633,27.8283789452867,0.252895752895753,0.298787949420197,0.0654099411456209,0.268894586562555,1,1.0758410573509,7.68155436338191,3.85157133647979,3.82998302690212,20.6478935873567,0.72463417949758,19,5.13725490196078,18,17.2807843137255
"126",139,"M_PL_060_16","M_PL",17,39,56,0.356143568201721,15.7573418539957,0.171945701357466,0.364342874730687,0.278855032317636,0.354301323484149,1,0.756795622850462,6.8792663053139,3.53328376113958,3.34598254417433,17.0122824649186,0.398056370525383,14,4.07142857142857,13,13.4857142857143
"127",140,"M_PL_060_17","M_PL",17,35,52,0.32078529086053,18.5177809647461,0.168067226890756,0.3941,0.3749,0.35395,1,0.769551975257949,6.0895456965839,3.66609476969251,2.4234509268914,14.5267513173139,0.471892663625661,12,3.84615384615385,11,9.81900452488688
"128",141,"M_PL_060_18","M_PL",20,28,48,0.346973507712944,11.1658258403618,0.133928571428571,0.454311111111111,0.440355555555556,0.4208,1,0.680314140263133,5.49554673794164,3.3450454440728,2.15050129386883,15.4599963066253,0.251663746623296,13,3.125,12,8.87765957446809
"129",142,"M_PL_060_19","M_PL",18,13,31,0.5,10.4134956098347,0.175213675213675,0.436942296252231,0.427424152290303,0.430993456276026,1,0.946437599816873,4.08572209763135,2.9798516385601,1.10587045907124,13.1700576972066,0.344839833199433,12,2.64516129032258,11,6.10322580645161
"130",143,"M_PL_060_20","M_PL",12,18,30,0.37130898021309,15.2257257266816,0.171296296296296,0.475894813732652,0.472607742878013,0.39590942293645,1,0.820710543508007,3.8668491084338,2.50010762732558,1.36674148110822,10.533019875624,0.179956889774394,9,2.46666666666667,8,4.25747126436782
"131",144,"M_PL_060_21","M_PL",6,22,28,0.519478319783198,22.718015748076,0.242424242424242,0.48388671875,0.46240234375,0.43701171875,1,0.953090276799894,4.01916859593438,2.70767003704098,1.3114985588934,15.051921244797,0.239765388366225,14,2.28571428571429,13,7.76719576719577
"132",145,"M_PL_060_22","M_PL",13,31,44,0.435742786985881,10.1343617472552,0.158808933002481,0.4537353515625,0.4498291015625,0.384521484375,1,0.752042059621369,5.11889046957442,3.16795790922879,1.95093256034563,18.1538012512339,0.399814134948673,17,2.90909090909091,16,10.1310782241015
"133",146,"M_PL_060_23","M_PL",12,27,39,0.397933082105744,17.6324233981058,0.175925925925926,0.445367805478609,0.417820867959372,0.422129886118806,1,0.835613838864985,4.7608564972673,2.95648317231315,1.80437332495414,15.2596477044397,0.384422822273466,14,2.92307692307692,13,7.91497975708502
"134",147,"M_PL_060_24","M_PL",14,24,38,0.209355131698456,23.6845054168357,0.136904761904762,0.545132325141777,0.555056710775047,0.523865784499055,2,0.583273956516651,3.59305435443053,2.86097991593467,0.732074438495858,8.69209009404079,0.164296947391232,7,2.42105263157895,6,2.95305832147937
"135",148,"M_PL_061_01","M_PL",5,12,17,0.507675438596491,26.8225286635644,0.283333333333333,0.524221453287197,0.524221453287197,0.524221453287197,1,1.26145856915071,2.97541593375368,2.18616267078083,0.78925326297285,9.08833767455003,0.136983321201928,8,2,7,3.25
"136",149,"M_PL_061_02","M_PL",5,17,22,0.72945205479452,21.3480237395532,0.317647058823529,0.371056241426612,0.328532235939643,0.347736625514403,1,1.38025960890338,4.15814385279179,2.25312598927608,1.90501786351571,15.0801160035377,0.321631665335757,14,2.45454545454545,13,8.54545454545454
"137",150,"M_PL_061_03","M_PL",6,14,20,0.429245283018868,32.4973144661345,0.285714285714286,0.415798611111111,0.434895833333333,0.433159722222222,1,1.26992234828461,3.41075273160963,2.09845220942149,1.31230052218814,9.29589101335286,0.202158980534054,8,2.4,7,3.30526315789474
"138",151,"M_PL_061_04","M_PL",8,14,22,0.538515406162465,25.3289266814622,0.258928571428571,0.382282996432818,0.381093935790725,0.376932223543401,2,1.29492262772315,4.10859676152783,2.41525012286004,1.69334663866779,11.3935885872512,0.337036439001879,10,2.63636363636364,9,5.38528138528139
"139",152,"M_PL_061_05","M_PL",12,22,34,0.42798353909465,18.5246377905411,0.193181818181818,0.401191849288735,0.408112264513649,0.387351018838908,1,0.919182796591486,4.85729111485308,2.80313408035319,2.05415703449989,13.5583777982082,0.200018058689332,12,3,11,7.21212121212121
"140",153,"M_PL_061_06","M_PL",11,24,35,0.347144295784779,31.384259930317,0.21969696969697,0.347205707491082,0.300237812128419,0.336801426872771,1,0.968196700668815,5.34312792948316,2.63995485741623,2.70317307206692,13.2259012234729,0.36794176422274,11,3.31428571428571,10,7.2218487394958
"141",154,"M_PL_061_07","M_PL",9,23,32,0.500874663590926,24.1940114913616,0.29951690821256,0.290712799167534,0.131633714880333,0.261056191467222,2,1.26875474913426,5.99322132181192,2.65638537377777,3.33683594803415,14.8056029251321,0.592163096912705,13,3.875,12,10.241935483871
"142",155,"M_PL_061_08","M_PL",6,19,25,0.535483870967742,28.179953813397,0.307017543859649,0.385714285714286,0.368163265306123,0.360408163265306,1,1.26853183415078,4.42870617790795,2.49397049605637,1.93473568185159,12.5025492220353,0.453394696733079,11,2.8,10,7.33333333333333
"143",156,"M_PL_061_09","M_PL",6,10,16,0.318055555555556,30.9463549379008,0.25,0.493333333333333,0.513333333333333,0.513333333333333,1,1.18802072861541,2.44828689511201,2.08019192533987,0.368094969772136,6.13277629593658,0.0970929254971379,5,1.875,4,1.45
"144",157,"M_PL_061_10","M_PL",5,14,19,0.374422442244224,36.9317275748532,0.285714285714286,0.48875,0.48875,0.47625,1,1.12325154863611,3.04743808636328,2.09607225509793,0.95136583126535,8.2166662183303,0.150660617931937,7,2.10526315789474,6,2.76608187134503
"145",158,"M_PL_061_11","M_PL",6,12,18,0.311728395061728,34.0626595547606,0.236111111111111,0.538062283737024,0.538062283737024,0.538062283737024,2,1.04936490014416,2.72232080216769,2.14634430750998,0.575976494657711,7.17286671363988,0.13668944653747,6,1.88888888888889,5,1.86928104575163
"146",159,"M_PL_061_12","M_PL",7,12,19,0.481609195402299,22.425458461396,0.285714285714286,0.384548611111111,0.360243055555556,0.384548611111111,1,1.40492912536673,3.69493450364306,1.83542247842679,1.85951202521627,8.92573080436859,0.364829501662058,7,2.52631578947368,6,3.48538011695906
"147",160,"M_PL_061_13","M_PL",7,19,26,0.734375,22.5231572415943,0.293233082706767,0.366535174227482,0.336949375410914,0.339579224194609,1,1.35502093624483,4.82828583030243,2.85821821247178,1.97006761783065,17.1177022311603,0.435969779892289,16,3,15,10.08
"148",161,"M_PL_061_14","M_PL",6,11,17,0.31547619047619,40.3676180408584,0.272727272727273,0.427469135802469,0.449074074074074,0.449074074074074,2,1.22368322480579,3.02991867188073,1.79505215779331,1.23486651408742,6.94623783379274,0.271329354930022,5,2.11764705882353,4,1.86029411764706
"149",162,"M_PL_061_15","M_PL",6,18,24,0.45218253968254,32.4205390781928,0.305555555555556,0.393480257116621,0.405876951331497,0.393939393939394,1,1.23225004834912,3.93860004299077,2.84618696287156,1.09241308011921,10.2295479667019,0.354904753020715,9,2.75,8,5.06521739130435
"150",163,"M_PL_061_16","M_PL",8,19,27,0.526353992183138,24.2562765735964,0.269736842105263,0.405710886377156,0.39738251041047,0.367935752528257,1,1.23065983612685,4.61472802719797,2.82666807348156,1.78805995371641,13.3427818356877,0.381652518293678,12,3.03703703703704,11,7.26780626780627
"151",164,"M_PL_061_17","M_PL",9,13,22,0.203216374269006,26.71221319171,0.162393162393162,0.637119113573407,0.621883656509695,0.587257617728532,4,0.58351808969008,2.67624319899526,1.84775906502257,0.828484133972685,6.18189705268931,0.305287365010522,4,1.72727272727273,3,1.25541125541126
"152",165,"M_PL_061_18","M_PL",11,18,29,0.294459706959707,20.9076724928438,0.176767676767677,0.546530612244898,0.546530612244898,0.546530612244898,1,0.759238028144473,3.74593695070133,2.53002603124261,1.21591091945873,9.23554577336913,0.122055371089762,7,2.41379310344828,6,3.32266009852217
"153",166,"M_PL_061_19","M_PL",11,21,32,0.358715184186882,15.7175196907325,0.19047619047619,0.448088842975207,0.450929752066116,0.4375,1,0.870259960088448,4.36141225357588,2.56833325003249,1.79307900354339,10.5548619443374,0.242363786917938,8,2.75,7,5.16129032258065
"154",167,"M_PL_061_20","M_PL",11,14,25,0.279452054794521,16.5057393112607,0.162337662337662,0.5736,0.5816,0.5816,3,0.678570381882201,3.16892145462384,2.25341795946526,0.915503495158582,7.81810700697555,0.112701743043687,6,2,5,2.41666666666667
"155",168,"M_PL_061_21","M_PL",11,18,29,0.337339743589744,28.1858464289318,0.217171717171717,0.41941590048675,0.420497566252028,0.356679286100595,1,0.985799360790067,4.49732848596199,2.34878814479643,2.14854034116556,10.8508796240164,0.26568498815363,8,2.96551724137931,7,4.46305418719212
"156",169,"M_PL_061_22","M_PL",10,18,28,0.22516835016835,24.4949566896423,0.155555555555556,0.607780612244898,0.610331632653061,0.610331632653061,3,0.529869215086506,3.26405768997041,2.26460130350678,0.999456386463639,7.79925257874525,0.177488647124429,6,2,5,2.22222222222222
"157",170,"M_PL_061_23","M_PL",10,26,36,0.323503861003861,16.5682327395593,0.173076923076923,0.535555555555555,0.532592592592593,0.508395061728395,2,0.693566943228406,3.97484803919841,3.26120347243553,0.71364456676288,11.0688814240909,0.160812130067124,10,2.5,9,5.51428571428571
"158",171,"M_PL_061_24","M_PL",11,18,29,0.467748397435897,16.66457904186,0.232323232323232,0.450614366729679,0.429820415879017,0.426984877126654,1,1.16311845978872,4.67150039734498,2.83302078954421,1.83847960780077,11.5675591516854,0.414675383735313,9,3.17241379310345,8,6.07635467980296
"159",172,"M_PL_061_25","M_PL",5,11,16,0.524615384615384,29.9431770709583,0.381818181818182,0.352607709750567,0.343537414965986,0.352607709750567,1,1.72754738523921,3.56932957628929,1.76606689675379,1.8032626795355,8.13018083827601,0.429211545389186,6,2.625,5,3.05
"160",173,"M_PL_061_26","M_PL",7,13,20,0.442424242424242,33.2063230387842,0.307692307692308,0.337372448979592,0.237882653061225,0.29655612244898,1,1.40809140052851,3.80613595634701,2.1496507284577,1.65648522788931,9.43234272714031,0.303595631564108,8,2.8,7,3.32631578947368
"161",174,"M_PL_061_27","M_PL",6,13,19,0.374372759856631,30.1590549722772,0.269230769230769,0.441043083900227,0.445578231292517,0.420634920634921,1,1.19521353161039,3.03391061572649,2.2793775492304,0.75453306649609,8.133708609861,0.19914275596517,7,2.21052631578947,6,2.61988304093567
"162",175,"M_PL_061_28","M_PL",8,19,27,0.552763819095477,20.2352772261425,0.236842105263158,0.462577160493827,0.453317901234568,0.375385802469136,1,1.12950360947092,4.28632730163298,2.61927272739455,1.66705457423843,14.1560047347933,0.283925602545529,13,2.66666666666667,12,7.15384615384615
"163",176,"M_PL_061_29","M_PL",8,18,26,0.44267955801105,25.5066076828467,0.270833333333333,0.362261669953978,0.306048652202498,0.338921761998685,1,1.2020703826726,4.58801735267617,2.56573906167911,2.02227829099706,11.1346856420796,0.338501469149389,9,3,8,5.84
"164",177,"M_PL_061_30","M_PL",7,13,20,0.551803751803752,23.4158692618059,0.32967032967033,0.322777777777778,0.293333333333333,0.345,1,1.61475970513732,4.06347568837992,2.27571058309225,1.78776510528767,9.76697706467526,0.499593739915611,7,3,6,4.31578947368421
"165",178,"M_PL_061_31","M_PL",5,19,24,0.517986494782075,34.8436771937014,0.368421052631579,0.342448979591837,0.342857142857143,0.34,1,1.34618554288058,4.50403771492037,2.50864710222376,1.99539061269661,11.1866193981551,0.40573165873245,9,2.91666666666667,8,6.94927536231884
"166",179,"M_PL_061_32","M_PL",6,18,24,0.404478458049887,31.8546327488569,0.259259259259259,0.472576530612245,0.478954081632653,0.442602040816326,2,1.05424955772744,3.73682899808105,2.48645659066486,1.2503724074162,10.2658165815642,0.268173950830823,9,2.33333333333333,8,4.66666666666667
"167",180,"M_PL_061_33","M_PL",2,6,8,0.625,44.7326095697628,0.5,0.277777777777778,0.277777777777778,0.277777777777778,2,1.9719587085891,2.23606797749979,1,1.23606797749979,6,1,5,1.5,4,2
"168",181,"M_PL_061_34","M_PL",3,7,10,0.5625,30.7575843841379,0.428571428571429,0.388888888888889,0.388888888888889,0.388888888888889,1,1.9585564534428,2.39417017097133,1.50597117915023,0.888198991821101,6.15369878814717,0.244152086842642,5,1.8,4,1.73333333333333
"169",182,"M_PL_061_35","M_PL",9,13,22,0.22733918128655,27.5474230279087,0.162393162393162,0.591412742382271,0.580332409972299,0.583102493074792,4,0.726133620892827,2.8172020653075,1.9150002929117,0.902201772395802,6.96096496663084,0.19100725862197,5,1.72727272727273,4,1.73160173160173
"170",183,"M_PL_061_36","M_PL",7,17,24,0.403503184713376,30.1546231208633,0.260504201680672,0.434443288241415,0.416753381893861,0.383975026014568,1,1.13391585277282,3.74614435910609,2.37054777745331,1.37559658165278,10.3216372462375,0.364572650640841,9,2.58333333333333,8,4.07971014492754
"171",184,"M_PL_061_37","M_PL",11,19,30,0.365149599662874,24.6111367565223,0.205741626794258,0.424283396430503,0.402650081124932,0.425905895078421,1,0.997452250675093,4.35073037534019,2.55201667643171,1.79871369890848,10.6397691649795,0.414592369863222,8,2.86666666666667,7,4.80919540229885
"172",185,"M_PL_061_38","M_PL",10,23,33,0.355085490572068,31.1736669446295,0.21304347826087,0.421282798833819,0.4152436484798,0.351520199916701,1,0.945314125867916,4.59644998571688,2.78584813738561,1.81060184833127,12.5071382043031,0.261917942791577,11,2.96969696969697,10,6.09280303030303
"173",186,"M_PL_061_39","M_PL",7,23,30,0.406912582551269,41.2629091963227,0.285714285714286,0.362712665406427,0.275519848771267,0.353733459357278,1,1.07138543218304,4.94897568708293,2.47860610892737,2.47036957815556,13.4479299838688,0.359951551830999,12,3.06666666666667,11,7.37471264367816
"174",187,"M_PL_061_40","M_PL",9,26,35,0.422511721888453,24.4369369823066,0.247863247863248,0.353745541022592,0.34705707491082,0.357758620689655,2,1.0155586694457,5.38853871332386,3.20138866239247,2.1871500509314,13.7924785378355,0.461235129322577,12,3.31428571428571,11,9.0453781512605
"175",188,"M_PL_061_41","M_PL",4,9,13,0.26984126984127,52.3143345723266,0.305555555555556,0.557851239669422,0.557851239669422,0.557851239669422,2,1.15017576264881,2.20893305502268,1.62871226576892,0.580220789253754,5.20499949694526,0.164815481188419,4,1.69230769230769,3,0.897435897435897
"176",189,"M_PL_061_42","M_PL",6,11,17,0.339285714285714,31.3210154248017,0.242424242424242,0.482421875,0.482421875,0.482421875,3,1.08481312342794,2.86917564198924,1.73205080756888,1.13712483442036,6.71067484389059,0.344557618450169,5,1.88235294117647,4,1.98529411764706
"177",190,"M_PL_061_43","M_PL",9,16,25,0.245940170940171,26.9447737888831,0.180555555555556,0.559171597633136,0.578402366863905,0.578402366863905,2,0.787257064875708,3.12019407465423,2.38084223750458,0.739351837149649,7.65862032108777,0.105189012756487,6,2.08,5,2.24333333333333
"178",191,"M_PL_061_44","M_PL",10,11,21,0.517333333333333,15.6033668518441,0.209090909090909,0.450850661625709,0.441398865784499,0.422495274102079,2,1.13722001752981,3.54404208599085,1.92248234866545,1.6215597373254,10.2952756260981,0.330788252110266,9,2.19047619047619,8,4.06190476190476
"179",192,"M_PL_061_45","M_PL",11,23,34,0.335606060606061,22.2798955770744,0.197628458498024,0.4672,0.4656,0.4614,1,0.883220116116405,4.46863692077939,2.9080513927956,1.5605855279838,11.5441119841882,0.279717950738083,9,2.94117647058824,8,5.32976827094474
"180",193,"M_PL_061_46","M_PL",13,21,34,0.259540343915344,25.2987717324699,0.164835164835165,0.487901234567901,0.465432098765432,0.463456790123457,1,0.727655962938919,4.09485173096631,2.66404951556435,1.43080221540195,10.6461088420711,0.163292145845858,9,2.64705882352941,8,3.81105169340463
"181",194,"M_PL_061_47","M_PL",9,26,35,0.42927054478301,28.8913034844061,0.243589743589744,0.370575561711296,0.341489689135119,0.340258541089566,2,0.988340691893096,5.52198388459347,2.80202040214793,2.71996348244554,14.8492121897297,0.359057469775153,13,3.25714285714286,12,9.8436974789916
"182",195,"M_PL_061_48","M_PL",9,14,23,0.346719160104987,40.5466701727036,0.253968253968254,0.4111328125,0.40771484375,0.2958984375,1,1.2413802606746,3.80869598116801,2.22639052924206,1.58230545192595,9.66923947163956,0.269598947032104,8,2.78260869565217,7,3.08695652173913
"183",196,"M_PL_062","M_PL",456,1044,1500,0.0607412157554498,7.67577364261935,0.0320440108892922,0.274622659194437,0.0948008535332001,0.28104730882761,1,0.133476418362108,38.3162110591709,22.3559828822567,15.9602281769142,158.356836603941,0.84676749104431,157,20.34,156,364.059106070714
"184",197,"M_PL_063","M_PL",55,9,64,0.89618854554752,10.8172880523104,0.248484848484848,0.309438826095578,0.229856566858351,0.259699914072311,1,0.91215957637991,8.84064415544741,4.19678547016763,4.64385868527979,54.0345703212254,0.721579698239282,53,3.84375,52,52.8323412698413
"185",198,"M_PL_064","M_PL",14,8,22,0.593137254901961,18.9797597059528,0.285714285714286,0.36572265625,0.3046875,0.35888671875,1,1.38047614075993,4.2812034699793,2.4217951243465,1.8594083456328,11.5465392475888,0.278648072781249,10,2.90909090909091,9,5.70562770562771
"186",199,"M_PL_065","M_PL",21,5,26,0.677092352092352,24.6189032384298,0.419047619047619,0.274535123966942,0.0743801652892561,0.269369834710744,1,1.53720785436594,5.27834403992826,2.41319192064931,2.86515211927895,18.1503901709875,0.661329245458145,17,3.38461538461538,16,12.3261538461538
"187",200,"M_PL_066","M_PL",31,5,36,0.822581220853993,18.3330069936019,0.470967741935484,0.196378307374742,0.0390317132670294,0.1848376806155,1,1.46986284925106,7.33701138342856,2.61973330329729,4.71727808013127,29.1345645634134,0.744082896564067,28,4.05555555555556,27,31.2539682539683
"188",201,"M_PL_067","M_PL",31,5,36,0.89866028708134,12.1746417685738,0.380645161290323,0.289141051422005,0.247917265153691,0.262568227520827,1,1.26822340178423,6.41933299610973,3.09449621544972,3.32483678066001,30.0527208083727,0.708544870296199,29,3.27777777777778,28,25.6349206349206
"189",202,"M_PL_068","M_PL",31,9,40,0.626592053987264,21.2852650559711,0.297491039426523,0.284656699085499,0.137030047902453,0.269995645231529,1,1.22619118386592,6.8622859911464,3.12509307986026,3.73719291128614,26.1463421473316,0.385643922863621,25,4.15,24,20.7461538461538
"190",203,"M_PL_069_01","M_PL",18,6,24,0.434689153439153,34.2912062243144,0.268518518518519,0.431034482758621,0.40487514863258,0.398929845422117,1,1.08498097082908,3.78842344709231,2.62020233191754,1.16822111517477,11.2506662213776,0.211228450689154,10,2.41666666666667,9,5.38405797101449
"191",204,"M_PL_069_02","M_PL",10,4,14,0.451960784313725,39.8598493015588,0.4,0.396484375,0.396484375,0.341796875,1,1.54228163777851,3.11137150197167,2.02246822031658,1.08890328165509,7.44202885991347,0.141550951632614,6,2.28571428571429,5,2.52747252747253
"192",205,"M_PL_069_03","M_PL",7,4,11,0.825925925925926,12.0891136744958,0.535714285714286,0.206666666666667,0,0.193333333333333,1,2.64603098687435,3.42085119290971,1.26732111355757,2.15353007935215,7.46243600291355,0.682334773099029,5,2.72727272727273,4,2.61818181818182
"193",206,"M_PL_070","M_PL",8,8,16,0.897321428571429,10.9758779957132,0.640625,0.175788221296847,0.0208209399167162,0.172218917311124,1,3.33906439364773,5.67543144795107,2.3036067489507,3.37182469900036,12.2581571516495,1.63774372208765,8,5.125,6,3.98333333333333
"194",207,"M_PL_071","M_PL",44,8,52,0.713050014667057,16.9935808577426,0.252840909090909,0.31561671506123,0.241509910364853,0.311198081050372,1,0.948926139808266,7.38370016088062,3.41993625144622,3.9637639094344,41.040228726183,0.386987691827807,40,3.42307692307692,39,35.3076923076923
"195",208,"M_PL_072_01","M_PL",39,67,106,0.221238878085931,5.05215854725242,0.0719479525449675,0.470956880941603,0.459200995925758,0.433072091444092,4,0.349103665159518,7.17237680529519,4.30602745349505,2.86634935180015,23.9515424497783,0.212589621979501,22,3.54716981132075,21,15.52632524708
"196",209,"M_PL_072_02","M_PL",33,63,96,0.252338249103666,5.73308371496008,0.0822510822510823,0.476813378475428,0.481344687254198,0.445367805478609,2,0.385675956145278,7.22553561912054,4.59120744973572,2.63432816938482,23.6491889200591,0.191609016567443,22,3.5625,21,16.5013157894737
"197",210,"M_PL_072_03","M_PL",38,79,117,0.261394236179153,5.50172156506989,0.0802798134576949,0.424062946574611,0.420309567672733,0.386313940875674,2,0.380076217095249,8.49132839890335,5.04016515390997,3.45116324499338,33.2141710210649,0.284029276690762,32,4.11965811965812,31,24.3303860890068
"198",211,"M_PL_072_04","M_PL",25,69,94,0.343671311681516,8.65161599245417,0.111304347826087,0.404920789930556,0.389892578125,0.342108832465278,2,0.488730147985454,8.5114851663844,4.88857298677409,3.62291217961031,37.1366865911257,0.454301523257518,36,4.08510638297872,35,28.2937542896362
"199",212,"M_PL_072_05","M_PL",17,67,84,0.48892473558915,8.31331818228608,0.121158911325724,0.419423440453686,0.402016383112791,0.387024784709095,2,0.51586751012671,7.96574363260518,4.49465712652882,3.47108650607636,40.0739845755936,0.400975891726593,39,3.28571428571429,38,32.3270223752151
"200",213,"M_PL_072_06","M_PL",36,58,94,0.308222620721756,4.8264360158064,0.0838122605363985,0.448914285714286,0.450661224489796,0.44749387755102,2,0.441739499646733,7.67709201029558,4.59492696268822,3.08216504760736,26.5893329225173,0.44315916552757,25,3.72340425531915,24,19.8151452756806
"201",214,"M_PL_072_07","M_PL",24,58,82,0.356839127406779,10.1616502232542,0.122844827586207,0.391026298690195,0.358435074039876,0.376680004103827,2,0.564798778698893,8.1592543808472,4.73503648084652,3.42421790000068,31.197703158894,0.314833965433904,30,4.17073170731707,29,23.674194519723
"202",215,"M_PL_072_08","M_PL",33,61,94,0.368944907616221,5.41423730456057,0.094883258817685,0.414818672733752,0.377593815958992,0.382048189468491,2,0.488867473917399,8.39402318092685,4.42835313360871,3.96567004731814,34.225051261016,0.454789818492797,33,4.06382978723404,32,26.7700754975978
"203",216,"M_PL_072_09","M_PL",28,48,76,0.362946961552539,5.11199511138813,0.0982142857142857,0.461289026629936,0.434917355371901,0.422750229568411,1,0.507502056953905,7.04620071130551,3.85024845178907,3.19595225951644,26.2429891339128,0.227375966429487,25,3.47368421052632,24,17.5326315789474
"204",217,"M_PL_073","M_PL",30,42,72,0.321397040031299,11.7835924287235,0.124603174603175,0.382490161872693,0.345024138910301,0.334739746034322,1,0.624555431348052,7.71163987997307,3.77833772496646,3.93330215500661,23.4480791315386,0.289444015168717,21,4.36111111111111,20,17.726917057903
"205",218,"M_SD_001","M_SD",7,21,28,0.59450628736343,22.3097217173097,0.340136054421769,0.2898,0.1752,0.2704,1,1.41190905062911,5.38119677089922,2.74673930426848,2.63445746663074,13.8065777581677,0.543733420907136,12,3.57142857142857,11,9.73544973544974
"206",219,"M_SD_002","M_SD",31,9,40,0.739284706200874,16.392873228669,0.426523297491039,0.197973306969847,0,0.166301814843585,1,1.65258865119778,9.01390301946669,3.03323334311532,5.98066967635138,23.7387152327505,0.809647669067329,21,5.95,20,28.5615384615385
"207",220,"M_SD_003","M_SD",25,16,41,0.495579103436246,9.3666954741394,0.17,0.378784602076125,0.348724048442907,0.303849480968858,1,0.909640490892859,5.58592248034281,3.01233909113176,2.57358338921105,15.8791018101701,0.441072067439364,14,3.31707317073171,13,10.8219512195122
"208",221,"M_SD_004","M_SD",34,20,54,0.493255553441971,7.70477478913007,0.139705882352941,0.363102493074792,0.360831024930748,0.341218836565097,2,0.75327244485271,6.80008799519762,3.26830066666968,3.53178732852794,21.4053830974517,0.450309077244744,20,3.51851851851852,19,17.5751222921034
"209",222,"M_SD_005","M_SD",25,13,38,0.359542705971277,12.3883476941128,0.150769230769231,0.52582257392753,0.530612244897959,0.516451478550604,2,0.710143919117282,4.43503269032923,2.73534198934048,1.69969070098875,12.5342335795775,0.142758881663206,11,2.57894736842105,10,6.35846372688478
"210",223,"M_SD_006","M_SD",21,15,36,0.394489795918367,11.3732802176796,0.161904761904762,0.457324106113033,0.453094963475586,0.432910419069589,2,0.843276002619123,4.62429815276679,3.38501948894225,1.23927866382453,12.5813233884085,0.266328200509237,11,2.83333333333333,10,6.6
"211",224,"M_SD_007","M_SD",72,7,79,0.65213911525029,21.7538722560741,0.283730158730159,0.30933052961025,0.146217418944692,0.263338060540858,1,0.70347819794572,9.62299713588561,4.36218237416223,5.26081476172338,49.8089978885302,0.470284752215367,48,3.62025316455696,47,59.5206101914963
"212",225,"M_SD_008","M_SD",16,10,26,0.863399731581549,17.5727180685505,0.6875,0.113388429752066,0.0029338842975207,0.104090909090909,1,3.35476363745462,9.3550834160134,2.53289476894239,6.82218864707101,20.1516694593978,1.89986208346713,16,8.46153846153846,14,10.6584615384615
"213",226,"M_SD_009","M_SD",7,18,25,0.515613026819923,31.2532801506789,0.301587301587302,0.390927977839335,0.355609418282548,0.36876731301939,1,1.30251552346181,4.53543024500787,2.89789142833518,1.63753881667269,12.256419617063,0.315839019373555,11,3.04,10,6.45666666666667
"214",227,"M_SD_010","M_SD",50,14,64,0.534286114510278,30.696561125404,0.334285714285714,0.241005551902988,0.123392870187742,0.212962962962963,1,1.25730453213389,11.161591886302,5.1934143481823,5.96817753811974,29.5428645308019,1.44626803429555,27,7.3125,25,43.0753968253968
"215",228,"M_SD_011","M_SD",29,28,57,0.674095220862455,15.8631242702553,0.298029556650246,0.201574346014617,0.0287634041390616,0.146463697834847,1,1.57403177307386,12.2563256075098,4.54257737852856,7.71374822898126,31.7477827324566,0.862355878003361,28,8.49122807017544,27,41.5401002506266
"216",229,"M_SD_012","M_SD",35,29,64,0.372721312431602,11.1142250300548,0.14384236453202,0.36378776505911,0.305896978795271,0.332496716081816,1,0.726819217395557,7.72573267971538,3.772063562915,3.95366911680038,20.4931312216026,0.150035868686783,18,4.5625,17,15.9325396825397
"217",230,"M_SD_013","M_SD",36,19,55,0.416849271203204,35.748044771706,0.288011695906433,0.337125409054601,0.32207735319127,0.354054471900848,1,1.29125402657755,9.86151272230295,6.34310173392982,3.51841098837313,22.4334406791667,0.535957005236454,17,7.16363636363636,16,21.0282828282828
"218",231,"M_SD_014","M_SD",16,17,33,0.824515588578088,14.2764847150431,0.444852941176471,0.18752134417048,0.150023905470938,0.207840994467591,1,2.35571773515848,9.09212169566029,3.44121990518984,5.65090179047045,21.1040259163733,1.83263219148071,17,7.33333333333333,15,17.8541666666667
"219",232,"M_SD_015","M_SD",5,27,32,0.832948599569098,17.1370159549317,0.637037037037037,0.159748512709573,0,0.141427798810168,1,2.0370007869326,8.11765010855969,3.22458401585752,4.89306609270217,26.3563176447376,0.956773110099749,25,5.375,24,32.6290322580645
"220",233,"M_SD_016","M_SD",24,61,85,0.606225166351011,23.9865352366556,0.341530054644809,0.189402,0,0.185408,1,1.43989494995843,17.7643913921358,7.22473396476231,10.5396574273735,40.6306574927104,0.875939413725165,34,11.7647058823529,33,83.6820728291317
"221",234,"M_SD_017","M_SD",16,8,24,0.677507215007215,46.3960275864136,0.5625,0.190875771604938,0.0384837962962963,0.186824845679012,1,2.58427217354448,6.92393348635913,3.00008335040646,3.92385013595267,15.3697379179704,1.74936963850261,12,6,10,8
"222",235,"M_SD_018","M_SD",29,32,61,0.134734980466688,9.11201022069016,0.0711206896551724,0.649219467401285,0.627066115702479,0.597451790633609,5,0.30013224638076,4.04163696075824,2.90825816656352,1.13337879419472,10.3633982474762,0.0875246017894404,8,2.16393442622951,7,3.47267759562842
"223",236,"M_SD_019","M_SD",169,40,209,0.360191066535706,5.75745257028983,0.0985207100591716,0.390385881376872,0.355416227037849,0.328864900936973,1,0.382080438362794,15.0614757521381,7.90672360008769,7.15475215205039,97.0712186030632,0.594035961071817,96,6.37320574162679,95,99.5042786161207
"224",237,"M_SD_020","M_SD",25,33,58,0.636834924334924,5.85340360825118,0.181818181818182,0.305222222222222,0.215977777777778,0.256177777777778,1,1.001017316379,8.64471260000542,4.28038597608272,4.3643266239227,26.5311031763016,0.742425952885297,25,5.17241379310345,24,26.2153660012099
"225",238,"M_SD_021","M_SD",18,28,46,0.662391265357367,13.4661371359615,0.255952380952381,0.257766961120125,0.100204314644553,0.212096628808365,1,1.33219775965847,8.3840888351744,3.96560502929578,4.41848380587863,23.8002516415741,0.81085533127803,22,5.60869565217391,21,22.1101449275362
"226",239,"M_SD_022","M_SD",207,110,317,0.174870034260075,3.48698591812002,0.0492314448836188,0.364091255975255,0.114892399659091,0.334208019633292,1,0.225536420513425,16.5956223497664,7.88637754997874,8.70924479978768,58.476185694903,0.238970045801573,57,7.07255520504732,56,76.4156051591263
"227",240,"M_SD_023","M_SD",15,8,23,0.768349445041174,10.943664297731,0.316666666666667,0.272506925207756,0.297437673130194,0.263157894736842,1,1.61227745702502,4.90399931529599,2.14384734155353,2.76015197374247,14.3043348000826,0.649081180201496,13,3.30434782608696,12,8.22134387351779
"228",241,"M_SD_024","M_SD",12,7,19,0.631882868089765,34.1748276374198,0.476190476190476,0.2321875,0.0656249999999998,0.18875,1,2.30190698328648,5.03782576978208,2.15712331910467,2.88070245067741,11.8856745204308,0.764570383516138,10,4.21052631578947,9,4.50877192982456
"229",242,"M_SD_025","M_SD",10,13,23,0.571409214092141,29.1332005263972,0.330769230769231,0.298539751216874,0.283126014061655,0.304488912925906,1,1.73727230346604,4.77865879294858,2.76014362066982,2.01851517227876,13.425584365156,0.712090685046028,12,3.73913043478261,11,5.47430830039526
"230",243,"M_SD_026","M_SD",3,3,6,1,0,0.666666666666667,0.166666666666667,0.166666666666667,0.166666666666667,1,3.58725512919996,2.24697960371747,0.801937735804842,1.44504186791263,4.81360650264832,0.657076917222829,3,2,2,0.8
"231",244,"M_SD_027","M_SD",12,4,16,0.87962962962963,10.2052213293631,0.645833333333333,0.13579604578564,0.00988553590010416,0.13267429760666,1,2.66090467931615,5.00055964505246,1.71892082036181,3.28163882469066,12.5550664895437,0.773669623652251,11,3.875,10,7.58333333333333
"232",245,"M_SD_028","M_SD",8,5,13,0.982456140350877,1.5881248604605,0.65,0.112426035502959,0,0.118343195266272,1,3.25821215817425,4.66136278942368,1.41421356237309,3.24714922705058,10.2863814687621,0.93219649560914,8,4,7,4
"233",246,"M_SD_029","M_SD",4,5,9,1,0.744612726920731,0.5,0.265,0.265,0.195,1,2.74233283162307,2.79860887845859,1.21472714788136,1.58388173057723,6.55533086797115,0.534375010051185,5,2.22222222222222,4,2.19444444444444
"234",247,"M_SD_030","M_SD",5,4,9,0.854166666666667,17.2933264970155,0.55,0.231404958677686,0.214876033057851,0.231404958677686,1,2.8843121729368,2.97319831131218,1.26151841314782,1.71167989816436,6.46130327163169,0.507522190877826,4,2.44444444444444,3,1.77777777777778
"235",248,"M_SD_031","M_SD",41,8,49,0.496294240966827,21.2151310762024,0.231707317073171,0.388763850415513,0.383829639889197,0.345740997229917,1,0.773199389062653,6.4334673844248,3.79137870094353,2.64208868348127,25.1367161673732,0.264309252236604,24,3.10204081632653,23,20.4268707482993
"236",249,"M_SD_032","M_SD",4,19,23,0.652416823603264,26.7144044205086,0.434210526315789,0.33287419651056,0.325987144168962,0.317722681359045,1,1.47829099930396,4.55557420004499,2.61834532753365,1.93722887251134,14.1632988611862,0.439889591023709,13,2.8695652173913,12,9.11857707509881
"237",250,"M_SD_033","M_SD",13,11,24,0.769978517722879,11.3952976173215,0.370629370629371,0.219473122107512,0,0.214845140619437,1,1.96278387778984,5.99974940156529,2.24062432237747,3.75912507918782,13.9304058635328,0.7462917683368,11,4.41666666666667,10,9.1231884057971
"238",251,"M_SD_034","M_SD",33,88,121,0.363847221647997,12.804684781775,0.144283746556474,0.273867772455158,0.0495497291539693,0.227886603516726,1,0.603989677458309,14.0537799431886,5.51175713667907,8.54202280650949,46.4185984374294,0.350861642233023,45,6.92561983471074,44,58.9694214876033
